{
  "best_epoch": 2,
  "peak_cpu_memory_MB": 352.04,
  "training_duration": "00:02:17",
  "training_start_epoch": 0,
  "training_epochs": 2,
  "epoch": 2,
  "training_loss": 1.1192640288840303,
  "training_cpu_memory_MB": 352.04,
  "validation_loss": 1.0947030870945578,
  "best_validation_loss": 1.0947030870945578
}