{
  "best_epoch": 7,
  "peak_cpu_memory_MB": 352.38,
  "training_duration": "00:06:55",
  "training_start_epoch": 0,
  "training_epochs": 8,
  "epoch": 8,
  "training_loss": 1.0491284607201918,
  "training_cpu_memory_MB": 352.38,
  "validation_loss": 1.0591116951877073,
  "best_validation_loss": 1.0348465971539573
}