{
  "best_epoch": 7,
  "peak_cpu_memory_MB": 352.232,
  "training_duration": "00:06:07",
  "training_start_epoch": 0,
  "training_epochs": 7,
  "epoch": 7,
  "training_loss": 1.059513454395924,
  "training_cpu_memory_MB": 352.232,
  "validation_loss": 1.0348465971539573,
  "best_validation_loss": 1.0348465971539573
}