{
  "best_epoch": 6,
  "peak_cpu_memory_MB": 352.232,
  "training_duration": "00:05:22",
  "training_start_epoch": 0,
  "training_epochs": 6,
  "epoch": 6,
  "training_loss": 1.0690475796410865,
  "training_cpu_memory_MB": 352.232,
  "validation_loss": 1.0471888626014925,
  "best_validation_loss": 1.0471888626014925
}